tag,title,url,content
廣告投放,FB廣告投放又失敗了嗎？從受眾到內容的臉書廣告操作技巧 ...,https://inboundmarketing.com.tw/digital-advertising/fb%E5%BB%A3%E5%91%8A%E6%8A%95%E6%94%BE%E6%8A%80%E5%B7%A7.html,而在首發–受眾篇中，你將在三分鐘內搞懂如何精準瞄準受眾！和廣告投放效果相關的原因有很多，像是影像、放置位置、優化……等都可能會有影響，但是在這之 ...
廣告投放,行銷人必備! 三步驟解析FB廣告投放秘訣,https://blog.withdipp.com/tw/3tips-facebookads,2019年7月29日 — 近年來，越來越多人發現，FB廣告成本愈來愈高，成效也變得更有限，主要原因是演算法的改變，讓從前較容易達成的目標，變得困難了，因此 ...
廣告投放,Facebook廣告教學，11個技巧降低預算浪費 - 跨境電商,https://transbiz.com.tw/facebook%E5%BB%A3%E5%91%8A%E6%95%99%E5%AD%B8-11-tips/,... 廣告顯得非常重要。這篇Facebook廣告教學告訴你3個FB廣告投放應該避免的錯誤，以及8個臉書下廣告的技巧，讓你在Facebook廣告投放時不會浪費預算。
廣告投放,Facebook廣告完整教學：從0到1學會FB廣告投放– 廣告實驗室,https://aderlab.com/facebook-ads/facebook-basic-learning/,其實要投放臉書廣告沒有很困難，只需要擁有一個Facebook 粉絲專頁，並且擁有粉絲專頁管理員權限就可以了！臉書廣告投放共有兩種廣告投遞方式，第一種是 ...
廣告投放,Facebook廣告投放7步驟，fb廣告類型、費用、工具和優化完整 ...,https://growthmarketing.tw/fb-ads-guide/,2019年3月21日 — 為什麼我的FB廣告成效不佳？ 四個投放FB廣告時常有的誤區. 廣告「投放目的」設定錯誤（→步驟二：建立行銷活動） ...
廣告投放,成效再優化！廣告投放策略揭密｜數位行銷學院 - 數位時代,https://edm.bnext.com.tw/online-advertising-strategy/,品牌廣告主如何殺出紅海，用縝密的廣告策略、創意的素材多贏其他人一步？掌握廣告投放平台遊戲規則，減少預算浪費、駕馭成效表現.
廣告投放,想要自學Facebook 廣告投放？初學者一定要知道這些事！｜創 ...,https://imjaylin.com/fb-ads/,2020年8月7日 — 想要自學Facebook 廣告嗎？新手自學投放應該要知道哪些事情與技巧呢？儘管新手要開始自學投放需要一些時間，但是Facebook 廣告並不是非常 ...
廣告投放,Facebook 廣告無效的5 個原因，請停止無效努力、別再亂燒錢 ...,https://imjaylin.com/fail-fbad/,... 主無法透過投放Facebook 廣告就獲得業績增長，有更好的知名度？我將針對投放Facebook 廣告卻失敗的常見原因進行解說，以及如何解決每個問題的實質建議。
廣告投放,【Facebook廣告終極教學2020】看懂收費及各種設定| OMP 阿石,https://www.sosomarketing.com/facebook%E5%AE%A3%E5%82%B3/facebook%E5%BB%A3%E5%91%8A%E6%95%99%E5%AD%B8/,「廣告管理員」(Ads Manager) 才是正式的廣告投放工具，有全面100%的選項設定。 以下是 Boost Post 能夠選擇的設定(很少)：.
廣告投放,FB廣告投放教學:手把手教學，看完就會投啦！ | KimNote,https://kimnote.tw/facebook/fb-ads-teaching/,2019年5月18日 — 如果你是FB廣告投放新手，會不會因為系統陌生、複雜，導致害怕接觸FB廣告？畢竟投放出去都是要花錢，如果基本設定出錯，甚至可能導致成效 ...
廣告投放,FB 臉書廣告投放、設定，0到1手把手教學| 開箱數位吧,https://oliver88.com/%E5%BB%A3%E5%91%8A%E6%8A%95%E6%94%BE/facebook-advertising-3/,2020年4月5日 — Facebook 作為台灣主流的社群媒體之一，不僅是各大品牌爭相投放廣告擴大市佔的平台，也是小型商家或電商提升[…]
廣告投放,Facebook 廣告收費如何運作| Facebook Business 使用說明,https://zh-tw.facebook.com/business/help/716180208457684,在Facebook 刊登廣告時，您必須為每則刊登的廣告設定預算，以確保廣告費用不會超過該金額。
廣告投放,廣告新手必讀教學！Facebook 廣告觀念3 部曲| SHOPLINE 電 ...,https://blog.shopline.tw/facebook-ad-3-must-knows/,2020年8月31日 — Facebook粉專已突破5000萬個，背後表示的意義是電商產業藏著無限商機！學會在Facebook 精準投放廣告，別一昧地繳廣告金當學費，卻還換不 ...
廣告投放,18分鐘學會臉書廣告基礎設置+投放策略- YouTube,https://www.youtube.com/watch?v=37CiIo0MQjk,... 把流量灌到漏斗裡面這樣這個漏斗才會起作用現在，我錄了一個18分鐘的教學很精簡扼要的教你如何操作臉書廣 ...
廣告投放,Facebook廣告投放教學從0到1：從策略、執行、到分析| Finn ...,https://medium.com/finn-tech-life/facebook-ads-from-0-to-1-a205132ab0dd,2018年12月18日 — 這篇內容包含了我的操作/思考邏輯及心理掙扎，並同時假設你已經設定過Facebook Pixel ，且廣告投放的目的很大部分是為了「轉換成效」、或是 ...
廣告投放,七大Facebook廣告投放問題．詢問度100%！. Facebook廣告 ...,https://yichihuang.medium.com/%E4%B8%83%E5%A4%A7fb%E5%BB%A3%E5%91%8A%E6%8A%95%E6%94%BE%E5%95%8F%E9%A1%8C-%E8%A9%A2%E5%95%8F%E5%BA%A6100-5354ca661b79,2019年5月26日 — Q5：為什麼我在後台廣告管理員投放廣告後，在粉絲專頁中都找不到那則廣告貼文？ Q6：下了廣告，如果沒有發佈到前台粉絲專頁，我要如何查看 ...
廣告投放,LINE 成效型廣告｜LINE for Business,https://tw.linebiz.com/service/display-solutions/line-ads-platform/,競價模式的廣告投放平台，讓宣傳素材自然且直覺地出現在9成以上LINE 用戶日常觀看的版面，包含LINE聊天列表上方個人化訊息推播、LINE TODAY、貼文 ...
廣告投放,廣告投放– Vpon,https://www.vpon.com/ad-delivery/,Vpon威朋作為亞洲領先的大數據公司，為企業客戶、品牌和合作夥伴提供解決方案，在行動領域與您的客戶流暢接軌，同時為整體方案提供數據分析服務。
廣告投放,「廣告投放」找工作職缺－2020年11月｜104人力銀行,https://www.104.com.tw/jobs/search/?ro=0&keyword=%E5%BB%A3%E5%91%8A%E6%8A%95%E6%94%BE&order=2&asc=0,廣告投放與維護3. 賣場維護與定期更新4. 行銷活動企劃案的撰寫、規劃，籌備、執行內容與後台設定管理5. 業績整理、評估行銷活動曝光效益及成效追蹤6. 觀察、 ...
廣告投放,臉書廣告投放精準度僅41%！員工踢爆數據「全是垃圾」 | 科技 ...,https://newtalk.tw/news/view/2020-12-25/514209,2020年12月25日 — 不過近期美國一家小型投資公司指控，臉書的廣告投放的精準度低於50%，連臉書員工都批評根本是垃圾。 小型投資公司Investor Village表示，當初 ...
關鍵字廣告,完整的Google adwords教學，教你如何在2021操作關鍵字廣告 ...,https://inboundmarketing.com.tw/digital-advertising/google-adwords%E9%97%9C%E9%8D%B5%E5%AD%97%E5%BB%A3%E5%91%8A%E6%95%99%E5%AD%B8.html,google adwords、google ads、關鍵字廣告傻傻分不清楚？google廣告相較於fb廣告更不容易上手，多數人對於其概念都不是很清楚，甚至以為google adwords ...
關鍵字廣告,輕鬆刊登線上廣告開發新客源 - Google Ads,https://ads.google.com/intl/zh-TW_tw/home/,透過 Google Ads 拓展事業. 當客戶在 Google 搜尋和地圖上搜尋與您同類商家時，把握機會向他們曝光。有成效 (例如使用者按下廣告前往您的網站或致電您的商家) ...
關鍵字廣告,【關鍵字SEO5】關鍵字廣告全攻略，成效、收費、優化一次讓 ...,https://ranking.works/%E9%97%9C%E9%8D%B5%E5%AD%97SEO/%E9%97%9C%E9%8D%B5%E5%AD%97%E5%BB%A3%E5%91%8A,2020年2月5日 — 一旦廣告投放完成，在搜尋結果中便會立即出現，相較於SEO 需要長時間的經營，Google 關鍵字廣告可以迅速達到曝光效果，並且增加網站流量。
關鍵字廣告,Google Ads關鍵字廣告教學，看完這篇就懂怎麼投放！ - 跨境電商,https://transbiz.com.tw/google-adwords%E9%97%9C%E9%8D%B5%E5%AD%97%E5%BB%A3%E5%91%8A%E6%95%99%E5%AD%B8/,簡單瞭解了Google關鍵字廣告的兩種形式，以及Google廣告到底有沒有效之後，這篇文章則要從頭到尾教你操作Google AdWords，讓你也能自己當廣告操盤手！
關鍵字廣告,Google Ads 廣告刊登｜關鍵字｜聯播網｜含廣告操作服務 ...,https://www.google-ads.tw/,搜尋廣告以關鍵字比對搭配文字格式呈現。多媒體廣告以興趣主題媒合並使用圖片加文字格式顯示。影片廣告主要為影片開頭、或播放期間置入一段影片格式播放 ...
關鍵字廣告,關鍵字廣告 - Yahoo,https://tw.emarketing.yahoo.com/ysmacq/index.html,最適合您的網路廣告， 刊登免費，點擊才收費！ 立即申請即有專人為您服務. 在Yahoo網頁刊登您的品牌廣告; 您的品牌將獲得至少60萬次曝光 ...
關鍵字廣告,"Google Ads 關鍵字廣告刊登, 廣告代操服務- 台北數位集團",https://taipeiads.com/gad.php,台北數位集團提供Google Ad關鍵字廣告的刊登，Google關鍵字廣告涵蓋率高達78%，想精準投放，關鍵字廣告是您不可或缺的行銷工具，多螢幕生活的時代台北 ...
關鍵字廣告,沒有《關鍵字廣告》，你的SEO策略將停滯不前| Harris先生,https://www.yesharris.com/seo-and-ppc/,關鍵字廣告在SEO中扮演著非常非常重要的角色，這一點是國內很多行銷人員忽略的，關鍵字廣告也並不只是為了得到＂品牌曝光＂、＂網站轉換＂這麼單純而已...
關鍵字廣告,關鍵字廣告是什麼? 投放與優化的四大流程為何? | OOSGA,https://oosga.com/pay-per-click/,關鍵字廣告有幾種類型？如何操作？以及最重要的，如何架構關鍵字廣告廣告策略？ 在OOSGA，我們時常看到PPC廣告團隊，並沒有把 ...
關鍵字廣告,【Google關鍵字廣告教學】一次掌握設定重點，讓廣告不亂燒 ...,https://imjaylin.com/gads/,2020年11月24日 — Google Ads（舊稱為Google Adwords）本身有多種廣告版位，此篇文章我會聚焦於談論搜尋廣告（俗稱關鍵字廣告）。 以下我將分享如何在Google ...
關鍵字廣告,Google Ads廣告投放怎麼做？搞懂5種格式，提升網站流量 ...,https://www.bnext.com.tw/article/57433/google-ads,2020年4月24日 — Google AdWords在2016年正式改名為Google Ads，是全球最大的搜尋廣告平台，提供的廣告服務除了大家比較熟悉的搜尋聯播網廣告（關鍵字 ...
關鍵字廣告,行銷人注意！關鍵字廣告再起，不可不知的4個內容撰寫技巧 ...,https://www.bnext.com.tw/article/50217/four-content-writing-techniques-of-google-ads-or-adwords,2018年8月13日 — 關鍵字廣告再起，不可不知的4個內容撰寫. 數位行銷學院. 行銷人常常會問一個問題，「Google AdWords真的有用嗎？因為我從來不點那些廣告 ...
關鍵字廣告,Google Ads 關鍵字廣告和SEO 聯手出擊，創造更卓越搜尋效益 ...,https://imjaylin.com/sem/,Google Ads 關鍵字廣告和SEO 搜尋引擎優化都是非常強大的網路行銷手法，這些兩種行銷手法各有其優缺點，實際上，兩者一起聯手出擊，將能創造更棒的推廣 ...
關鍵字廣告,關鍵字廣告- 將能數位行銷有限公司,https://www.sonar-inc.com/services/google-ads/,近期有活動/行銷目的，需要數位廣告短期大量曝光; 公司已操作Google Ads關鍵字廣告一段時間，但成效不佳. 關鍵字廣告方案簡介. 代管Google Ads關鍵字廣告 ...
關鍵字廣告,代操作Google 關鍵字廣告- 服務項目- 奇機數位,https://www.nutsmind.com.tw/service/google-%E9%97%9C%E9%8D%B5%E5%AD%97%E5%BB%A3%E5%91%8A,奇機數位提供代客操作Google Adwords廣告的服務關鍵字廣告讓您可以快速解決網站關鍵字排名不佳的這個問題。 廣告預算可隨時調整，適合大小不同的宣傳活動 ...
關鍵字廣告,在Google Ads 競價中對關鍵字出價- Google Ads說明,https://support.google.com/google-ads/answer/6366577?hl=zh-Hant,每當有使用者上Google 進行搜尋，或是前往廣告所在的網站，Google Ads 都會透過飛快無比的廣告競價機制，決定所要顯示的廣告。 AdWords ad auction.
關鍵字廣告,關鍵字廣告 - 久大寰宇科技,https://www.gtut.com.tw/msg/message-%E9%97%9C%E9%8D%B5%E5%AD%97%E5%BB%A3%E5%91%8A-35.html,這類服務很多主要有Google Adword 關鍵字行銷/Yahoo關鍵字廣告. Google全球連播快、準、省. Google在數年前迅速的打敗了 ...
關鍵字廣告,關鍵字廣告所有必須知事項！ - 溫室,https://darren-learn.com/%E9%97%9C%E9%8D%B5%E5%AD%97%E5%BB%A3%E5%91%8A%E6%95%99%E5%AD%B8-googleadwords/,Google 關鍵字廣告是什麼？ Google adword與Google Ads差異？ 為什麼要投放關鍵字廣告？ 其他搜尋引擎的關鍵字廣告該做嗎 ...
關鍵字廣告,Google Ads｜從5W1H 來看Google 關鍵字廣告（下） - adHub ...,https://blog.ad-hub.net/advertising-strategies-what-are-google-search-ads-2/?lang=tw,2020年3月10日 — 除了認識之外，我們在這篇文章中會進一步說明What、How，把關鍵字廣告的設定再拆解成字組、預算、文案來檢視，知道怎麼用以後再跟大家分享 ...
關鍵字廣告,關鍵字廣告問與答- 常見問題(第1頁列表) - 轉角網路SEO行銷,https://www.corners.com.tw/faq/qa-ads/1,經銷商屬於廣告抽%方式，您的廣告花費愈高，選擇關鍵字愈多個，整體消耗愈快速，對他們愈有利！ 我們代操則是採用固定代操費用，協助客戶將預算花在刀口 ...
